,date,prcp
0,2016-08-24,0.08
1,2016-08-25,0.08
2,2016-08-26,0.0
3,2016-08-27,0.0
4,2016-08-28,0.01
5,2016-08-29,0.0
6,2016-08-30,0.0
7,2016-08-31,0.13
8,2016-09-01,0.0
9,2016-09-02,0.0
10,2016-09-03,0.0
11,2016-09-04,0.03
12,2016-09-05,
13,2016-09-06,
14,2016-09-07,0.05
15,2016-09-08,0.0
16,2016-09-09,0.03
17,2016-09-10,0.0
18,2016-09-11,0.05
19,2016-09-12,0.0
20,2016-09-13,0.02
21,2016-09-14,1.32
22,2016-09-15,0.42
23,2016-09-16,0.06
24,2016-09-17,0.05
25,2016-09-18,0.0
26,2016-09-19,0.0
27,2016-09-20,0.0
28,2016-09-21,0.0
29,2016-09-22,0.02
30,2016-09-23,0.0
31,2016-09-24,0.0
32,2016-09-25,0.0
33,2016-09-26,0.06
34,2016-09-27,0.02
35,2016-09-28,0.0
36,2016-09-29,0.0
37,2016-09-30,0.0
38,2016-10-01,0.0
39,2016-10-02,0.0
40,2016-10-03,0.0
41,2016-10-04,0.0
42,2016-10-05,0.0
43,2016-10-06,0.0
44,2016-10-07,0.0
45,2016-10-08,0.0
46,2016-10-09,0.0
47,2016-10-10,0.0
48,2016-10-11,0.0
49,2016-10-12,0.0
50,2016-10-13,0.0
51,2016-10-14,0.0
52,2016-10-15,0.0
53,2016-10-16,0.0
54,2016-10-17,0.01
55,2016-10-18,0.0
56,2016-10-19,0.0
57,2016-10-20,0.0
58,2016-10-21,0.05
59,2016-10-22,0.15
60,2016-10-23,0.01
61,2016-10-24,0.0
62,2016-10-25,0.03
63,2016-10-26,0.0
64,2016-10-27,0.0
65,2016-10-28,0.0
66,2016-10-29,0.0
67,2016-10-30,0.24
68,2016-10-31,0.03
69,2016-11-01,0.0
70,2016-11-02,0.0
71,2016-11-03,0.0
72,2016-11-04,0.0
73,2016-11-05,0.0
74,2016-11-06,0.0
75,2016-11-07,0.0
76,2016-11-08,0.07
77,2016-11-09,0.0
78,2016-11-10,0.0
79,2016-11-11,0.0
80,2016-11-12,0.0
81,2016-11-13,0.0
82,2016-11-14,0.0
83,2016-11-15,0.0
84,2016-11-16,0.0
85,2016-11-17,0.0
86,2016-11-18,0.0
87,2016-11-19,0.03
88,2016-11-20,0.05
89,2016-11-21,0.01
90,2016-11-22,0.13
91,2016-11-23,0.14
92,2016-11-24,0.05
93,2016-11-25,0.05
94,2016-11-26,0.05
95,2016-11-27,0.0
96,2016-11-28,0.01
97,2016-11-29,0.0
98,2016-11-30,0.14
99,2016-12-01,0.12
100,2016-12-02,0.03
101,2016-12-03,0.0
102,2016-12-04,0.03
103,2016-12-05,0.43
104,2016-12-06,0.02
105,2016-12-07,0.0
106,2016-12-08,0.03
107,2016-12-09,0.52
108,2016-12-10,0.05
109,2016-12-11,0.04
110,2016-12-12,0.01
111,2016-12-13,0.05
112,2016-12-14,0.03
113,2016-12-15,0.0
114,2016-12-16,0.0
115,2016-12-17,0.01
116,2016-12-18,0.13
117,2016-12-19,0.01
118,2016-12-20,0.0
119,2016-12-21,0.0
120,2016-12-22,0.01
121,2016-12-23,0.01
122,2016-12-24,0.01
123,2016-12-25,0.0
124,2016-12-26,0.02
125,2016-12-27,0.0
126,2016-12-28,0.02
127,2016-12-29,0.04
128,2016-12-30,0.12
129,2016-12-31,0.01
130,2017-01-01,0.0
131,2017-01-02,0.0
132,2017-01-03,0.0
133,2017-01-04,0.0
134,2017-01-05,0.0
135,2017-01-06,0.0
136,2017-01-07,0.0
137,2017-01-08,0.0
138,2017-01-09,0.0
139,2017-01-10,0.0
140,2017-01-11,0.0
141,2017-01-12,0.0
142,2017-01-13,0.0
143,2017-01-14,0.0
144,2017-01-15,0.0
145,2017-01-16,0.0
146,2017-01-17,0.0
147,2017-01-18,0.0
148,2017-01-19,0.0
149,2017-01-20,0.0
150,2017-01-21,0.0
151,2017-01-22,0.16
152,2017-01-23,0.0
153,2017-01-24,0.04
154,2017-01-25,0.03
155,2017-01-26,0.0
156,2017-01-27,0.0
157,2017-01-28,0.0
158,2017-01-29,0.18
159,2017-01-30,0.0
160,2017-01-31,0.0
161,2017-02-01,0.0
162,2017-02-02,0.0
163,2017-02-03,0.0
164,2017-02-04,0.0
165,2017-02-05,0.0
166,2017-02-06,0.0
167,2017-02-07,0.51
168,2017-02-08,0.0
169,2017-02-09,0.0
170,2017-02-10,0.0
171,2017-02-11,0.31
172,2017-02-12,2.62
173,2017-02-13,0.01
174,2017-02-14,0.0
175,2017-02-15,0.0
176,2017-02-16,0.07
177,2017-02-17,0.0
178,2017-02-18,0.0
179,2017-02-19,0.0
180,2017-02-20,0.0
181,2017-02-21,0.06
182,2017-02-22,0.06
183,2017-02-23,0.01
184,2017-02-24,0.0
185,2017-02-25,0.03
186,2017-02-26,0.0
187,2017-02-27,0.0
188,2017-02-28,0.0
189,2017-03-01,1.19
190,2017-03-02,0.73
191,2017-03-03,0.47
192,2017-03-04,0.0
193,2017-03-05,0.35
194,2017-03-06,0.0
195,2017-03-07,0.0
196,2017-03-08,0.0
197,2017-03-09,0.0
198,2017-03-10,0.0
199,2017-03-11,0.0
200,2017-03-12,0.0
201,2017-03-13,0.0
202,2017-03-14,0.0
203,2017-03-15,0.0
204,2017-03-16,0.0
205,2017-03-17,0.0
206,2017-03-18,0.0
207,2017-03-19,0.0
208,2017-03-20,0.0
209,2017-03-21,0.0
210,2017-03-22,0.0
211,2017-03-23,0.0
212,2017-03-24,0.02
213,2017-03-25,0.0
214,2017-03-26,0.0
215,2017-03-27,0.0
216,2017-03-28,0.0
217,2017-03-29,0.0
218,2017-03-30,0.0
219,2017-03-31,0.0
220,2017-04-01,0.0
221,2017-04-02,0.0
222,2017-04-03,0.0
223,2017-04-04,0.0
224,2017-04-05,0.0
225,2017-04-06,0.0
226,2017-04-07,0.0
227,2017-04-08,0.0
228,2017-04-09,0.0
229,2017-04-10,0.0
230,2017-04-11,0.0
231,2017-04-12,0.0
232,2017-04-13,0.0
233,2017-04-14,0.26
234,2017-04-15,0.01
235,2017-04-16,0.0
236,2017-04-17,0.02
237,2017-04-18,0.0
238,2017-04-19,0.02
239,2017-04-20,0.05
240,2017-04-21,0.23
241,2017-04-22,0.32
242,2017-04-23,0.03
243,2017-04-24,0.0
244,2017-04-25,0.0
245,2017-04-26,0.0
246,2017-04-27,0.0
247,2017-04-28,0.0
248,2017-04-29,0.12
249,2017-04-30,0.89
250,2017-05-01,0.26
251,2017-05-02,0.0
252,2017-05-03,0.0
253,2017-05-04,0.0
254,2017-05-05,0.0
255,2017-05-06,0.0
256,2017-05-07,0.0
257,2017-05-08,0.0
258,2017-05-10,0.0
259,2017-05-11,0.01
260,2017-05-12,0.0
261,2017-05-13,0.0
262,2017-05-14,0.0
263,2017-05-15,0.05
264,2017-05-16,0.01
265,2017-05-17,0.0
266,2017-05-18,0.01
267,2017-05-19,0.0
268,2017-05-20,0.0
269,2017-05-21,0.0
270,2017-05-22,0.0
271,2017-05-23,0.08
272,2017-05-24,0.13
273,2017-05-25,0.15
274,2017-05-27,0.01
275,2017-05-28,0.02
276,2017-05-29,0.0
277,2017-05-30,0.26
278,2017-05-31,0.02
279,2017-06-01,0.0
280,2017-06-02,0.0
281,2017-06-03,0.02
282,2017-06-04,0.0
283,2017-06-05,0.0
284,2017-06-06,0.0
285,2017-06-07,0.0
286,2017-06-08,0.0
287,2017-06-09,0.0
288,2017-06-10,0.04
289,2017-06-11,0.08
290,2017-06-12,0.02
291,2017-06-13,0.0
292,2017-06-14,0.0
293,2017-06-15,0.0
294,2017-06-16,0.0
295,2017-06-17,0.0
296,2017-06-18,0.05
297,2017-06-19,0.0
298,2017-06-20,0.02
299,2017-06-21,0.0
300,2017-06-22,0.0
301,2017-06-23,0.0
302,2017-06-24,0.06
303,2017-06-25,0.0
304,2017-06-26,0.0
305,2017-06-27,0.0
306,2017-06-28,0.0
307,2017-06-29,0.0
308,2017-06-30,0.08
309,2017-07-01,0.02
310,2017-07-02,0.02
311,2017-07-03,0.04
312,2017-07-04,0.04
313,2017-07-05,0.0
314,2017-07-06,0.0
315,2017-07-07,0.0
316,2017-07-08,0.0
317,2017-07-09,0.0
318,2017-07-10,0.0
319,2017-07-11,0.0
320,2017-07-12,0.0
321,2017-07-13,0.07
322,2017-07-14,0.02
323,2017-07-15,0.0
324,2017-07-16,0.02
325,2017-07-17,0.03
326,2017-07-18,0.05
327,2017-07-20,0.03
328,2017-07-21,0.0
329,2017-07-22,0.03
330,2017-07-23,0.0
331,2017-07-24,0.05
332,2017-07-25,0.0
333,2017-07-26,0.0
334,2017-07-27,0.0
335,2017-07-28,0.0
336,2017-07-29,0.0
337,2017-07-30,0.0
338,2017-07-31,0.0
339,2017-08-01,0.02
340,2017-08-02,0.0
341,2017-08-03,0.0
342,2017-08-04,0.02
343,2017-08-05,0.0
344,2017-08-06,0.0
345,2017-08-07,0.0
346,2017-08-08,0.0
347,2017-08-09,0.0
348,2017-08-10,0.0
349,2017-08-11,0.0
350,2017-08-12,0.0
351,2017-08-13,0.0
352,2017-08-14,0.0
353,2017-08-15,0.02
354,2017-08-18,0.0
355,2017-08-19,0.0
356,2017-08-20,0.0
357,2017-08-21,0.0
358,2017-08-22,0.0
359,2017-08-23,0.0
360,2016-08-24,2.15
361,2016-08-25,0.08
362,2016-08-26,0.03
363,2016-08-27,0.18
364,2016-08-28,0.14
365,2016-08-29,0.17
366,2016-08-30,0.0
367,2016-08-31,0.1
368,2016-09-01,0.0
369,2016-09-02,0.02
370,2016-09-03,0.07
371,2016-09-04,0.03
372,2016-09-05,0.11
373,2016-09-06,0.05
374,2016-09-07,0.1
375,2016-09-08,0.22
376,2016-09-09,0.01
377,2016-09-10,0.01
378,2016-09-11,0.18
379,2016-09-12,0.04
380,2016-09-13,0.37
381,2016-09-14,0.9
382,2016-09-15,0.12
383,2016-09-16,0.01
384,2016-09-17,0.04
385,2016-09-18,0.0
386,2016-09-19,0.01
387,2016-09-20,0.09
388,2016-09-21,0.06
389,2016-09-22,0.09
390,2016-09-23,0.15
391,2016-09-24,0.0
392,2016-09-25,0.02
393,2016-09-26,0.06
394,2016-09-27,0.12
395,2016-09-28,0.08
396,2016-09-29,0.49
397,2016-09-30,0.31
398,2016-10-01,0.14
399,2016-10-02,0.02
400,2016-10-03,0.04
401,2016-10-04,0.0
402,2016-10-05,0.0
403,2016-10-06,0.05
404,2016-10-07,0.0
405,2016-10-08,0.0
406,2016-10-09,0.0
407,2016-10-10,0.0
408,2016-10-11,0.02
409,2016-10-12,0.03
410,2016-10-13,0.0
411,2016-10-14,0.0
412,2016-10-15,0.0
413,2016-10-16,0.0
414,2016-10-17,0.03
415,2016-10-18,0.05
416,2016-10-19,0.06
417,2016-10-20,0.0
418,2016-10-21,0.15
419,2016-10-22,0.1
420,2016-10-23,0.01
421,2016-10-24,0.0
422,2016-10-25,0.04
423,2016-10-26,0.06
424,2016-10-27,0.11
425,2016-10-28,0.02
426,2016-10-29,0.02
427,2016-10-30,0.1
428,2016-10-31,0.03
429,2016-11-01,0.01
430,2016-11-02,0.0
431,2016-11-03,0.0
432,2016-11-04,0.0
433,2016-11-05,0.02
434,2016-11-06,0.02
435,2016-11-07,0.0
436,2016-11-08,0.14
437,2016-11-09,0.08
438,2016-11-10,0.0
439,2016-11-11,0.0
440,2016-11-12,0.0
441,2016-11-13,0.0
442,2016-11-14,0.06
443,2016-11-15,0.0
444,2016-11-16,0.14
445,2016-11-17,0.03
446,2016-11-18,0.01
447,2016-11-19,0.11
448,2016-11-20,0.11
449,2016-11-21,0.02
450,2016-11-22,0.41
451,2016-11-23,0.03
452,2016-11-24,0.2
453,2016-11-25,0.05
454,2016-11-26,0.05
455,2016-11-27,0.06
456,2016-11-28,0.02
457,2016-11-29,0.04
458,2016-11-30,0.05
459,2016-12-01,0.33
460,2016-12-02,0.3
461,2016-12-03,0.04
462,2016-12-04,0.1
463,2016-12-05,0.34
464,2016-12-06,0.02
465,2016-12-07,0.17
466,2016-12-08,0.03
467,2016-12-09,0.34
468,2016-12-10,0.02
469,2016-12-11,0.02
470,2016-12-12,0.01
471,2016-12-13,0.1
472,2016-12-14,0.05
473,2016-12-15,0.02
474,2016-12-16,0.01
475,2016-12-17,0.11
476,2016-12-18,0.29
477,2016-12-19,0.21
478,2016-12-20,0.02
479,2016-12-21,0.03
480,2016-12-22,0.17
481,2016-12-23,0.1
482,2016-12-24,0.14
483,2016-12-25,0.03
484,2016-12-26,0.26
485,2016-12-27,0.03
486,2016-12-28,0.09
487,2016-12-29,0.18
488,2016-12-30,0.21
489,2016-12-31,0.62
490,2017-01-01,0.29
491,2017-01-02,0.0
492,2017-01-03,0.0
493,2017-01-04,0.0
494,2017-01-05,0.0
495,2017-01-06,0.0
496,2017-01-07,0.06
497,2017-01-08,0.0
498,2017-01-09,0.0
499,2017-01-10,0.0
500,2017-01-11,0.0
501,2017-01-12,0.0
502,2017-01-13,0.0
503,2017-01-14,0.0
504,2017-01-15,0.0
505,2017-01-16,0.0
506,2017-01-17,0.0
507,2017-01-18,0.0
508,2017-01-19,0.0
509,2017-01-20,0.0
510,2017-01-21,0.04
511,2017-01-22,0.01
512,2017-01-23,0.08
513,2017-01-24,0.15
514,2017-01-25,0.12
515,2017-01-26,0.0
516,2017-01-27,0.0
517,2017-01-28,0.14
518,2017-01-29,0.0
519,2017-01-30,0.0
520,2017-01-31,0.0
521,2017-02-01,0.0
522,2017-02-02,0.0
523,2017-02-03,0.0
524,2017-02-04,0.0
525,2017-02-05,0.0
526,2017-02-06,0.16
527,2017-02-07,1.08
528,2017-02-08,1.08
529,2017-02-09,0.02
530,2017-02-10,0.0
531,2017-02-11,1.0
532,2017-02-12,1.07
533,2017-02-13,2.9
534,2017-02-14,0.0
535,2017-02-15,0.0
536,2017-02-16,0.0
537,2017-02-17,0.8
538,2017-02-18,0.0
539,2017-02-19,0.0
540,2017-02-20,0.0
541,2017-02-21,0.0
542,2017-02-22,0.06
543,2017-02-23,0.0
544,2017-02-24,0.0
545,2017-02-25,0.0
546,2017-02-26,0.0
547,2017-02-27,0.0
548,2017-02-28,0.16
549,2017-03-01,2.2
550,2017-03-02,1.45
551,2017-03-03,0.54
552,2017-03-04,0.0
553,2017-03-05,0.1
554,2017-03-06,0.51
555,2017-03-07,0.0
556,2017-03-08,0.0
557,2017-03-09,0.8
558,2017-03-10,0.13
559,2017-03-11,0.03
560,2017-03-12,0.0
561,2017-03-13,0.0
562,2017-03-14,0.0
563,2017-03-15,0.0
564,2017-03-16,0.0
565,2017-03-17,0.19
566,2017-03-18,0.0
567,2017-03-19,0.0
568,2017-03-20,0.0
569,2017-03-21,0.0
570,2017-03-22,0.0
571,2017-03-23,0.0
572,2017-03-24,0.6
573,2017-03-25,0.13
574,2017-03-26,0.0
575,2017-03-27,0.0
576,2017-03-28,0.03
577,2017-03-29,0.0
578,2017-03-30,0.08
579,2017-03-31,0.0
580,2017-04-01,0.0
581,2017-04-02,0.0
582,2017-04-03,0.08
583,2017-04-04,0.04
584,2017-04-05,0.04
585,2017-04-06,0.0
586,2017-04-07,0.0
587,2017-04-08,0.0
588,2017-04-09,0.0
589,2017-04-10,0.01
590,2017-04-11,0.03
591,2017-04-12,0.03
592,2017-04-13,0.27
593,2017-04-14,0.69
594,2017-04-15,0.45
595,2017-04-16,0.49
596,2017-04-17,0.41
597,2017-04-18,0.08
598,2017-04-19,0.02
599,2017-04-20,0.33
600,2017-04-21,1.16
601,2017-04-22,1.01
602,2017-04-23,0.02
603,2017-04-24,0.0
604,2017-04-25,0.0
605,2017-04-26,0.0
606,2017-04-27,0.1
607,2017-04-28,2.6
608,2017-04-29,0.35
609,2017-04-30,1.21
610,2017-05-01,0.07
611,2017-05-02,0.03
612,2017-05-03,0.01
613,2017-05-04,0.0
614,2017-05-05,0.0
615,2017-05-06,0.0
616,2017-05-07,0.07
617,2017-05-08,0.22
618,2017-05-09,1.62
619,2017-05-10,0.05
620,2017-05-11,0.03
621,2017-05-12,0.04
622,2017-05-13,0.02
623,2017-05-14,0.05
624,2017-05-15,0.08
625,2017-05-16,0.03
626,2017-05-17,0.02
627,2017-05-18,0.09
628,2017-05-19,0.02
629,2017-05-20,0.0
630,2017-05-21,0.0
631,2017-05-22,0.0
632,2017-05-23,0.02
633,2017-05-24,0.58
634,2017-05-25,0.37
635,2017-05-26,0.02
636,2017-05-27,0.0
637,2017-05-28,0.29
638,2017-05-29,0.02
639,2017-05-30,0.2
640,2017-05-31,0.1
641,2017-06-01,0.03
642,2017-06-02,0.1
643,2017-06-03,0.2
644,2017-06-04,0.15
645,2017-06-05,0.0
646,2017-06-06,0.0
647,2017-06-07,0.0
648,2017-06-08,0.02
649,2017-06-09,0.02
650,2017-06-10,0.21
651,2017-06-11,0.24
652,2017-06-12,0.19
653,2017-06-13,0.36
654,2017-06-14,0.27
655,2017-06-15,0.17
656,2017-06-16,0.02
657,2017-06-17,0.35
658,2017-06-18,0.25
659,2017-06-19,0.05
660,2017-06-20,0.05
661,2017-06-21,0.02
662,2017-06-22,0.1
663,2017-06-23,0.0
664,2017-06-24,0.0
665,2017-06-25,0.08
666,2017-06-26,0.02
667,2017-06-27,0.0
668,2017-06-28,0.01
669,2017-06-29,0.03
670,2017-06-30,0.04
671,2017-07-01,0.06
672,2017-07-02,0.05
673,2017-07-03,0.13
674,2017-07-04,0.03
675,2017-07-05,0.0
676,2017-07-06,0.0
677,2017-07-07,0.02
678,2017-07-08,0.02
679,2017-07-09,0.09
680,2017-07-10,0.0
681,2017-07-11,0.01
682,2017-07-12,0.01
683,2017-07-13,0.33
684,2017-07-14,0.05
685,2017-07-15,0.03
686,2017-07-16,0.07
687,2017-07-17,0.12
688,2017-07-18,0.03
689,2017-07-19,0.0
690,2017-07-20,0.12
691,2017-07-21,0.0
692,2017-07-22,0.07
693,2017-07-23,0.06
694,2017-07-24,0.58
695,2017-07-25,0.03
696,2017-07-26,0.06
697,2017-07-27,0.0
698,2017-07-28,0.13
699,2017-07-29,0.06
700,2017-07-30,0.0
701,2017-07-31,0.0
702,2016-08-24,2.28
703,2016-08-25,0.0
704,2016-08-26,0.02
705,2016-08-27,0.02
706,2016-08-28,0.14
707,2016-08-29,0.04
708,2016-08-31,
709,2016-09-01,0.0
710,2016-09-02,0.19
711,2016-09-05,
712,2016-09-06,0.04
713,2016-09-07,0.23
714,2016-09-08,0.01
715,2016-09-09,0.29
716,2016-09-12,
717,2016-09-13,0.32
718,2016-09-14,1.84
719,2016-09-15,0.07
720,2016-09-16,0.07
721,2016-09-19,
722,2016-09-20,0.25
723,2016-09-21,0.02
724,2016-09-22,0.17
725,2016-09-23,0.15
726,2016-09-24,0.0
727,2016-09-25,0.0
728,2016-09-26,0.02
729,2016-09-27,0.0
730,2016-09-28,0.0
731,2016-09-29,0.2
732,2016-09-30,0.06
733,2016-10-01,0.08
734,2016-10-02,0.03
735,2016-10-03,0.03
736,2016-10-04,0.0
737,2016-10-05,0.0
738,2016-10-06,0.0
739,2016-10-07,0.0
740,2016-10-10,
741,2016-10-11,0.04
742,2016-10-12,0.0
743,2016-10-13,0.02
744,2016-10-14,0.0
745,2016-10-15,0.02
746,2016-10-17,
747,2016-10-18,0.03
748,2016-10-19,0.0
749,2016-10-20,0.01
750,2016-10-21,0.03
751,2016-10-23,
752,2016-10-24,0.01
753,2016-10-25,0.0
754,2016-10-27,0.2
755,2016-10-28,0.07
756,2016-10-29,0.26
757,2016-10-30,0.14
758,2016-10-31,0.0
759,2016-11-01,0.0
760,2016-11-02,0.0
761,2016-11-03,0.0
762,2016-11-04,0.0
763,2016-11-05,0.0
764,2016-11-06,0.0
765,2016-11-07,0.13
766,2016-11-08,0.02
767,2016-11-09,0.17
768,2016-11-10,0.0
769,2016-11-11,0.0
770,2016-11-12,0.0
771,2016-11-13,0.0
772,2016-11-14,0.05
773,2016-11-15,0.0
774,2016-11-16,0.18
775,2016-11-17,0.0
776,2016-11-22,
777,2016-11-25,
778,2016-11-26,0.02
779,2016-11-27,0.03
780,2016-11-28,0.0
781,2016-11-29,0.04
782,2016-11-30,0.03
783,2016-12-01,0.07
784,2016-12-02,0.4
785,2016-12-03,0.26
786,2016-12-04,0.0
787,2016-12-05,0.2
788,2016-12-07,
789,2016-12-08,0.02
790,2016-12-09,0.26
791,2016-12-10,0.0
792,2016-12-12,
793,2016-12-13,0.34
794,2016-12-14,0.12
795,2016-12-15,0.07
796,2016-12-16,0.0
797,2016-12-17,0.0
798,2016-12-18,0.04
799,2016-12-19,0.0
800,2016-12-20,0.0
801,2016-12-21,0.09
802,2016-12-22,0.05
803,2016-12-23,0.03
804,2016-12-24,0.13
805,2016-12-26,
806,2016-12-27,0.02
807,2016-12-28,0.01
808,2016-12-29,0.56
809,2016-12-30,0.29
810,2016-12-31,0.36
811,2017-01-01,0.0
812,2017-01-02,0.01
813,2017-01-03,0.0
814,2017-01-04,0.0
815,2017-01-05,0.0
816,2017-01-06,0.59
817,2017-01-07,0.0
818,2017-01-08,0.03
819,2017-01-09,0.0
820,2017-01-10,0.0
821,2017-01-11,0.0
822,2017-01-13,
823,2017-01-14,0.0
824,2017-01-16,
825,2017-01-17,0.0
826,2017-01-18,0.0
827,2017-01-19,0.0
828,2017-01-20,0.0
829,2017-01-21,0.02
830,2017-01-23,
831,2017-01-25,
832,2017-01-26,0.01
833,2017-01-27,0.0
834,2017-01-28,0.0
835,2017-01-30,
836,2017-01-31,0.0
837,2017-02-01,0.0
838,2017-02-02,0.0
839,2017-02-03,0.0
840,2017-02-05,
841,2017-02-06,0.04
842,2017-02-07,0.9
843,2017-02-08,0.0
844,2017-02-09,0.0
845,2017-02-10,0.0
846,2017-02-11,2.39
847,2017-02-12,1.91
848,2017-02-13,0.0
849,2017-02-14,0.0
850,2017-02-15,0.0
851,2017-02-16,0.62
852,2017-02-17,0.06
853,2017-02-20,
854,2017-02-21,0.0
855,2017-02-22,0.11
856,2017-02-23,0.0
857,2017-02-24,0.0
858,2017-02-26,
859,2017-02-27,0.0
860,2017-02-28,0.04
861,2017-03-01,1.12
862,2017-03-03,
863,2017-03-06,
864,2017-03-07,0.0
865,2017-03-08,0.0
866,2017-03-09,0.5
867,2017-03-10,0.13
868,2017-03-12,
869,2017-03-13,0.0
870,2017-03-14,0.0
871,2017-03-16,
872,2017-03-17,0.06
873,2017-03-18,0.0
874,2017-03-20,
875,2017-03-21,0.0
876,2017-03-22,0.0
877,2017-03-23,0.0
878,2017-03-24,0.15
879,2017-03-27,
880,2017-03-28,0.0
881,2017-03-29,0.03
882,2017-03-30,0.03
883,2017-03-31,0.0
884,2017-04-01,0.0
885,2017-04-02,0.0
886,2017-04-03,0.09
887,2017-04-04,0.0
888,2017-04-05,0.07
889,2017-04-06,0.0
890,2017-04-07,0.0
891,2017-04-09,
892,2017-04-10,0.0
893,2017-04-11,0.16
894,2017-04-12,0.29
895,2017-04-13,0.0
896,2017-04-14,0.29
897,2017-04-17,
898,2017-04-18,0.12
899,2017-04-19,0.0
900,2017-04-20,0.0
901,2017-04-21,1.05
902,2017-04-22,0.7
903,2017-04-24,
904,2017-04-25,0.0
905,2017-04-26,0.14
906,2017-04-27,0.02
907,2017-04-28,0.09
908,2017-04-29,0.95
909,2017-04-30,1.17
910,2017-05-01,0.03
911,2017-05-02,0.01
912,2017-05-03,0.01
913,2017-05-04,0.08
914,2017-05-05,0.28
915,2017-05-06,0.06
916,2017-05-08,0.95
917,2017-05-09,0.52
918,2017-05-10,0.0
919,2017-05-12,
920,2017-05-15,
921,2017-05-16,0.05
922,2017-05-17,0.0
923,2017-05-18,0.16
924,2017-05-19,0.01
925,2017-05-20,0.01
926,2017-05-22,
927,2017-05-23,0.11
928,2017-05-24,0.1
929,2017-05-25,0.07
930,2017-05-26,0.0
931,2017-05-27,0.0
932,2017-05-28,0.02
933,2017-05-29,0.0
934,2017-05-30,0.04
935,2017-05-31,0.0
936,2017-06-01,0.0
937,2017-06-02,0.15
938,2017-06-03,0.16
939,2017-06-04,0.05
940,2017-06-05,0.02
941,2017-06-06,0.0
942,2017-06-07,0.0
943,2017-06-08,0.01
944,2017-06-09,0.0
945,2017-06-10,0.53
946,2017-06-11,0.14
947,2017-06-12,0.35
948,2017-06-13,0.1
949,2017-06-14,0.21
950,2017-06-15,0.3
951,2017-06-16,0.02
952,2017-06-17,0.02
953,2017-06-18,0.18
954,2017-06-19,0.19
955,2017-06-20,0.17
956,2017-06-23,
957,2017-06-26,
958,2017-06-29,
959,2017-06-30,0.0
960,2017-07-03,
961,2017-07-05,
962,2017-07-07,
963,2017-07-08,0.06
964,2017-07-09,0.0
965,2017-07-10,0.0
966,2017-07-11,0.0
967,2017-07-12,0.02
968,2017-07-13,0.3
969,2017-07-14,0.0
970,2017-07-15,0.01
971,2017-07-16,0.12
972,2017-07-17,0.16
973,2017-07-18,0.0
974,2017-07-19,0.09
975,2017-07-20,0.0
976,2017-07-21,0.0
977,2017-07-22,0.12
978,2017-07-23,0.07
979,2017-07-24,1.19
980,2017-07-25,0.12
981,2017-07-26,0.02
982,2017-07-27,0.0
983,2017-07-28,0.14
984,2017-07-29,0.02
985,2017-07-31,
986,2017-08-01,0.12
987,2017-08-02,0.05
988,2017-08-03,0.01
989,2017-08-04,0.04
990,2017-08-06,0.0
991,2017-08-07,0.0
992,2017-08-08,0.1
993,2017-08-09,0.0
994,2017-08-10,0.0
995,2017-08-11,0.0
996,2017-08-13,
997,2017-08-14,0.01
998,2017-08-15,0.0
999,2017-08-16,0.0
1000,2017-08-17,0.0
1001,2017-08-18,0.0
1002,2017-08-19,0.0
1003,2017-08-20,0.01
1004,2017-08-21,0.02
1005,2017-08-23,0.0
1006,2016-08-24,
1007,2016-08-25,0.0
1008,2016-08-26,0.04
1009,2016-08-29,
1010,2016-08-30,0.02
1011,2016-08-31,
1012,2016-09-01,
1013,2016-09-02,
1014,2016-09-08,
1015,2016-09-09,
1016,2016-09-12,
1017,2016-09-13,
1018,2016-09-14,
1019,2016-09-15,
1020,2016-09-16,0.0
1021,2016-09-19,
1022,2016-09-20,0.0
1023,2016-09-22,0.06
1024,2016-09-23,0.0
1025,2016-09-26,
1026,2016-09-28,0.0
1027,2016-09-29,0.04
1028,2016-09-30,
1029,2016-10-03,
1030,2016-10-04,
1031,2016-10-05,
1032,2016-10-06,0.07
1033,2016-10-07,
1034,2016-10-11,
1035,2016-10-13,
1036,2016-10-17,
1037,2016-10-18,
1038,2016-10-19,
1039,2016-10-20,
1040,2016-10-21,
1041,2016-10-24,
1042,2016-10-25,0.4
1043,2016-10-26,0.2
1044,2016-10-27,
1045,2016-10-28,
1046,2016-10-31,
1047,2016-11-04,
1048,2016-11-07,
1049,2016-11-09,0.0
1050,2016-11-14,0.02
1051,2016-11-15,
1052,2016-11-16,
1053,2016-11-17,
1054,2016-11-18,
1055,2016-11-21,
1056,2016-11-22,
1057,2016-11-23,
1058,2016-11-28,
1059,2016-11-29,
1060,2016-11-30,
1061,2016-12-01,
1062,2016-12-02,
1063,2016-12-05,
1064,2016-12-06,
1065,2016-12-07,
1066,2016-12-08,0.27
1067,2016-12-09,
1068,2016-12-12,0.02
1069,2016-12-13,
1070,2016-12-14,
1071,2016-12-15,
1072,2016-12-16,
1073,2016-12-19,
1074,2016-12-20,
1075,2016-12-21,0.06
1076,2016-12-22,
1077,2016-12-23,
1078,2016-12-28,
1079,2016-12-29,
1080,2016-12-30,
1081,2017-01-09,
1082,2017-01-10,
1083,2017-01-11,
1084,2017-01-12,
1085,2017-01-13,
1086,2017-01-17,0.0
1087,2017-01-18,0.0
1088,2017-01-19,
1089,2017-01-20,
1090,2017-01-23,
1091,2017-01-24,
1092,2017-01-25,
1093,2017-01-26,0.0
1094,2017-01-27,0.0
1095,2017-01-30,0.05
1096,2017-01-31,0.0
1097,2017-02-01,0.0
1098,2017-02-02,0.0
1099,2017-02-03,0.0
1100,2017-02-06,
1101,2017-02-07,0.0
1102,2017-02-08,0.0
1103,2017-02-09,0.0
1104,2017-02-10,0.0
1105,2017-02-13,
1106,2017-02-14,0.0
1107,2017-02-15,
1108,2017-02-16,
1109,2017-02-17,0.0
1110,2017-02-21,
1111,2017-02-22,0.17
1112,2017-02-23,0.0
1113,2017-02-24,0.0
1114,2017-02-27,
1115,2017-02-28,
1116,2017-03-01,2.4
1117,2017-03-02,0.44
1118,2017-03-03,0.14
1119,2017-03-06,
1120,2017-03-07,
1121,2017-03-08,
1122,2017-03-09,0.0
1123,2017-03-10,0.0
1124,2017-03-13,
1125,2017-03-14,0.06
1126,2017-03-15,0.0
1127,2017-03-16,
1128,2017-03-17,
1129,2017-03-28,
1130,2017-03-29,
1131,2017-03-30,
1132,2017-03-31,0.0
1133,2017-04-03,
1134,2017-04-04,0.0
1135,2017-04-05,0.0
1136,2017-04-06,0.0
1137,2017-04-07,0.0
1138,2017-04-10,
1139,2017-04-11,
1140,2017-04-12,
1141,2017-04-13,
1142,2017-04-17,
1143,2017-04-18,0.0
1144,2017-04-19,
1145,2017-04-20,
1146,2017-04-21,
1147,2017-04-24,
1148,2017-04-25,
1149,2017-04-27,
1150,2017-04-28,
1151,2017-06-02,
1152,2017-06-05,
1153,2017-06-06,
1154,2017-06-07,
1155,2017-06-08,
1156,2017-06-09,
1157,2017-06-13,
1158,2017-06-14,
1159,2017-06-15,
1160,2017-06-16,
1161,2017-06-19,
1162,2017-06-20,
1163,2017-06-21,
1164,2017-06-22,0.0
1165,2017-06-23,0.0
1166,2017-06-26,
1167,2017-06-27,0.0
1168,2017-06-28,0.0
1169,2017-06-29,0.0
1170,2017-06-30,0.12
1171,2017-07-03,
1172,2017-07-05,
1173,2017-07-06,
1174,2017-07-07,
1175,2017-07-10,
1176,2017-07-11,
1177,2017-07-12,
1178,2017-07-13,
1179,2017-07-18,0.0
1180,2017-07-19,0.0
1181,2017-07-20,0.0
1182,2017-07-21,0.0
1183,2017-07-25,0.0
1184,2017-07-26,
1185,2017-07-27,
1186,2017-07-28,0.01
1187,2017-07-31,
1188,2016-08-24,1.22
1189,2016-08-25,0.21
1190,2016-08-26,0.0
1191,2016-08-27,0.0
1192,2016-08-28,0.14
1193,2016-08-29,0.0
1194,2016-08-30,0.0
1195,2016-08-31,0.25
1196,2016-09-02,
1197,2016-09-03,0.08
1198,2016-09-04,0.74
1199,2016-09-05,0.02
1200,2016-09-06,0.03
1201,2016-09-07,0.11
1202,2016-09-08,0.01
1203,2016-09-09,0.23
1204,2016-09-10,0.14
1205,2016-09-11,0.12
1206,2016-09-12,0.15
1207,2016-09-13,0.46
1208,2016-09-14,1.19
1209,2016-09-15,0.17
1210,2016-09-16,0.01
1211,2016-09-17,0.0
1212,2016-09-18,0.04
1213,2016-09-19,0.05
1214,2016-09-20,0.04
1215,2016-09-21,0.0
1216,2016-09-22,0.01
1217,2016-09-23,0.0
1218,2016-09-24,0.0
1219,2016-09-25,0.0
1220,2016-09-26,0.34
1221,2016-09-27,0.05
1222,2016-09-28,0.0
1223,2016-09-29,0.18
1224,2016-09-30,0.15
1225,2016-10-01,0.07
1226,2016-10-02,0.0
1227,2016-10-03,0.0
1228,2016-10-04,0.0
1229,2016-10-05,0.0
1230,2016-10-06,0.0
1231,2016-10-07,0.0
1232,2016-10-08,0.0
1233,2016-10-09,0.0
1234,2016-10-10,0.0
1235,2016-10-11,0.0
1236,2016-10-12,0.0
1237,2016-10-13,0.0
1238,2016-10-14,0.0
1239,2016-10-15,0.0
1240,2016-10-16,0.0
1241,2016-10-17,0.12
1242,2016-10-18,0.02
1243,2016-10-19,0.0
1244,2016-10-21,
1245,2016-10-22,0.0
1246,2016-10-23,0.0
1247,2016-10-24,0.0
1248,2016-10-25,0.12
1249,2016-10-26,0.02
1250,2016-10-27,0.08
1251,2016-10-28,0.06
1252,2016-10-29,0.01
1253,2016-10-30,0.0
1254,2016-10-31,0.13
1255,2016-11-01,0.01
1256,2016-11-02,0.0
1257,2016-11-03,0.0
1258,2016-11-04,0.0
1259,2016-11-05,0.02
1260,2016-11-06,0.0
1261,2016-11-07,0.0
1262,2016-11-08,0.15
1263,2016-11-09,0.0
1264,2016-11-10,0.0
1265,2016-11-11,0.0
1266,2016-11-12,0.0
1267,2016-11-13,0.0
1268,2016-11-14,0.0
1269,2016-11-15,0.0
1270,2016-11-16,0.07
1271,2016-11-17,0.0
1272,2016-11-18,0.02
1273,2016-11-19,0.13
1274,2016-11-20,0.4
1275,2016-11-21,0.07
1276,2016-11-22,0.31
1277,2016-11-23,0.03
1278,2016-11-24,0.21
1279,2016-11-25,0.11
1280,2016-11-26,0.03
1281,2016-11-27,0.0
1282,2016-11-28,0.0
1283,2016-11-29,0.06
1284,2016-11-30,0.0
1285,2016-12-01,0.16
1286,2016-12-02,0.01
1287,2016-12-03,0.02
1288,2016-12-04,0.32
1289,2016-12-05,0.45
1290,2016-12-06,0.0
1291,2016-12-07,0.07
1292,2016-12-08,0.01
1293,2016-12-10,
1294,2016-12-11,0.06
1295,2016-12-12,0.0
1296,2016-12-13,0.15
1297,2016-12-14,0.05
1298,2016-12-15,0.0
1299,2016-12-16,0.0
1300,2016-12-17,0.16
1301,2016-12-18,0.27
1302,2016-12-19,0.02
1303,2016-12-20,0.01
1304,2016-12-21,0.06
1305,2016-12-22,0.14
1306,2016-12-23,0.02
1307,2016-12-24,0.06
1308,2016-12-25,0.0
1309,2016-12-26,0.06
1310,2016-12-27,0.0
1311,2016-12-28,0.06
1312,2016-12-29,0.05
1313,2016-12-30,0.07
1314,2017-01-01,
1315,2017-01-03,
1316,2017-01-04,0.18
1317,2017-01-05,0.42
1318,2017-01-06,0.01
1319,2017-01-07,0.0
1320,2017-01-08,0.0
1321,2017-01-09,0.0
1322,2017-01-10,0.0
1323,2017-01-12,
1324,2017-01-15,
1325,2017-01-16,0.0
1326,2017-01-18,
1327,2017-01-19,0.0
1328,2017-01-20,0.0
1329,2017-01-21,0.11
1330,2017-01-22,0.04
1331,2017-01-23,0.0
1332,2017-01-24,0.08
1333,2017-01-25,0.0
1334,2017-01-26,0.0
1335,2017-01-27,0.0
1336,2017-01-29,
1337,2017-01-30,0.0
1338,2017-01-31,0.0
1339,2017-02-01,0.0
1340,2017-02-02,0.0
1341,2017-02-03,0.0
1342,2017-02-04,0.0
1343,2017-02-05,0.0
1344,2017-02-06,0.0
1345,2017-02-07,1.8
1346,2017-02-08,0.0
1347,2017-02-09,0.0
1348,2017-02-10,0.0
1349,2017-02-11,5.04
1350,2017-02-12,0.07
1351,2017-02-13,0.0
1352,2017-02-15,
1353,2017-02-16,0.67
1354,2017-02-17,0.06
1355,2017-02-18,0.01
1356,2017-02-20,
1357,2017-02-22,0.13
1358,2017-02-23,0.0
1359,2017-02-24,0.0
1360,2017-02-26,
1361,2017-02-27,0.0
1362,2017-02-28,0.0
1363,2017-03-01,0.59
1364,2017-03-02,1.48
1365,2017-03-03,0.25
1366,2017-03-04,0.0
1367,2017-03-06,
1368,2017-03-09,
1369,2017-03-10,0.0
1370,2017-03-11,0.0
1371,2017-03-12,0.0
1372,2017-03-13,0.0
1373,2017-03-14,0.0
1374,2017-03-15,0.0
1375,2017-03-16,0.0
1376,2017-03-17,0.35
1377,2017-03-18,0.0
1378,2017-03-19,0.0
1379,2017-03-20,0.0
1380,2017-03-21,0.0
1381,2017-03-22,0.0
1382,2017-03-23,0.02
1383,2017-03-24,0.07
1384,2017-03-25,0.43
1385,2017-03-26,0.0
1386,2017-03-27,0.0
1387,2017-03-28,0.0
1388,2017-03-29,0.08
1389,2017-03-30,0.0
1390,2017-03-31,0.0
1391,2017-04-01,0.0
1392,2017-04-02,0.0
1393,2017-04-03,0.0
1394,2017-04-04,0.0
1395,2017-04-05,0.0
1396,2017-04-06,0.0
1397,2017-04-07,0.0
1398,2017-04-09,
1399,2017-04-10,0.0
1400,2017-04-11,0.0
1401,2017-04-12,0.0
1402,2017-04-13,0.0
1403,2017-04-14,0.36
1404,2017-04-15,0.0
1405,2017-04-16,0.0
1406,2017-04-17,0.3
1407,2017-04-18,0.15
1408,2017-04-19,0.0
1409,2017-04-20,0.35
1410,2017-04-21,2.36
1411,2017-04-24,
1412,2017-04-25,0.0
1413,2017-04-26,0.01
1414,2017-04-27,0.0
1415,2017-04-28,0.0
1416,2017-04-29,6.25
1417,2017-04-30,1.31
1418,2017-05-01,0.07
1419,2017-05-02,0.0
1420,2017-05-03,0.0
1421,2017-05-04,0.0
1422,2017-05-05,0.0
1423,2017-05-06,0.0
1424,2017-05-07,0.0
1425,2017-05-08,0.0
1426,2017-05-09,0.68
1427,2017-05-10,0.06
1428,2017-05-11,0.0
1429,2017-05-12,0.0
1430,2017-05-13,0.0
1431,2017-05-14,0.0
1432,2017-05-15,0.06
1433,2017-05-16,0.0
1434,2017-05-17,0.0
1435,2017-05-18,0.46
1436,2017-05-20,
1437,2017-05-21,0.0
1438,2017-05-22,0.0
1439,2017-05-23,0.0
1440,2017-05-24,0.61
1441,2017-05-25,0.55
1442,2017-05-26,0.0
1443,2017-05-27,0.0
1444,2017-05-28,0.0
1445,2017-05-29,0.0
1446,2017-05-30,0.11
1447,2017-05-31,0.0
1448,2017-06-01,0.0
1449,2017-06-02,0.0
1450,2017-06-03,0.15
1451,2017-06-04,0.0
1452,2017-06-05,0.0
1453,2017-06-06,0.0
1454,2017-06-07,0.0
1455,2017-06-08,0.0
1456,2017-06-09,0.0
1457,2017-06-10,0.13
1458,2017-06-11,0.25
1459,2017-06-12,0.14
1460,2017-06-13,0.03
1461,2017-06-14,0.06
1462,2017-06-15,0.0
1463,2017-06-16,0.0
1464,2017-06-17,0.0
1465,2017-06-18,0.0
1466,2017-06-19,0.01
1467,2017-06-21,
1468,2017-06-22,0.0
1469,2017-06-23,0.05
1470,2017-06-24,0.0
1471,2017-06-25,0.0
1472,2017-06-26,0.0
1473,2017-06-27,0.0
1474,2017-06-28,0.0
1475,2017-06-29,0.0
1476,2017-06-30,0.07
1477,2017-07-02,
1478,2017-07-03,0.02
1479,2017-07-05,
1480,2017-07-06,0.0
1481,2017-07-07,0.0
1482,2017-07-08,0.0
1483,2017-07-09,0.0
1484,2017-07-10,0.0
1485,2017-07-11,0.0
1486,2017-07-12,0.0
1487,2017-07-13,0.11
1488,2017-07-14,0.0
1489,2017-07-15,0.0
1490,2017-07-16,0.0
1491,2017-07-17,0.0
1492,2017-07-18,0.0
1493,2017-07-19,0.0
1494,2017-07-20,0.33
1495,2017-07-21,0.0
1496,2017-07-22,0.0
1497,2017-07-24,
1498,2017-07-25,0.05
1499,2017-07-26,0.0
1500,2017-07-27,0.0
1501,2017-07-28,0.0
1502,2017-07-29,0.0
1503,2017-07-30,0.0
1504,2017-07-31,0.0
1505,2017-08-01,0.0
1506,2017-08-02,0.0
1507,2017-08-03,0.0
1508,2017-08-04,0.0
1509,2017-08-06,0.0
1510,2017-08-07,0.0
1511,2017-08-08,0.0
1512,2017-08-10,0.0
1513,2017-08-11,0.0
1514,2017-08-12,0.0
1515,2017-08-13,0.0
1516,2017-08-14,0.08
1517,2017-08-15,0.06
1518,2017-08-16,0.07
1519,2017-08-17,0.05
1520,2017-08-19,
1521,2017-08-21,
1522,2017-08-22,0.0
1523,2017-08-23,0.08
1524,2016-08-24,2.15
1525,2016-08-25,0.06
1526,2016-08-26,0.01
1527,2016-08-27,0.12
1528,2016-08-28,0.6
1529,2016-08-29,0.35
1530,2016-08-30,0.0
1531,2016-08-31,0.24
1532,2016-09-01,0.02
1533,2016-09-02,0.01
1534,2016-09-03,0.12
1535,2016-09-04,0.14
1536,2016-09-05,0.03
1537,2016-09-06,0.11
1538,2016-09-07,0.16
1539,2016-09-08,0.07
1540,2016-09-09,0.16
1541,2016-09-10,0.09
1542,2016-09-11,0.3
1543,2016-09-12,0.31
1544,2016-09-13,0.34
1545,2016-09-14,2.33
1546,2016-09-15,0.83
1547,2016-09-16,0.06
1548,2016-09-17,0.36
1549,2016-09-18,0.07
1550,2016-09-19,0.01
1551,2016-09-20,0.22
1552,2016-09-21,0.07
1553,2016-09-22,0.34
1554,2016-09-23,0.94
1555,2016-09-24,0.01
1556,2016-09-25,0.03
1557,2016-09-26,0.17
1558,2016-09-27,0.17
1559,2016-09-28,0.0
1560,2016-09-29,0.59
1561,2016-09-30,0.25
1562,2016-10-01,0.14
1563,2016-10-02,0.06
1564,2016-10-03,0.16
1565,2016-10-04,0.03
1566,2016-10-05,0.01
1567,2016-10-06,0.0
1568,2016-10-07,0.0
1569,2016-10-08,0.0
1570,2016-10-09,0.0
1571,2016-10-10,0.0
1572,2016-10-11,0.28
1573,2016-10-12,0.03
1574,2016-10-13,0.0
1575,2016-10-14,0.0
1576,2016-10-15,0.04
1577,2016-10-16,0.0
1578,2016-10-17,0.01
1579,2016-10-18,0.02
1580,2016-10-19,0.11
1581,2016-10-20,0.0
1582,2016-10-21,0.0
1583,2016-10-22,0.15
1584,2016-10-23,0.02
1585,2016-10-24,0.08
1586,2016-10-25,0.11
1587,2016-10-26,0.01
1588,2016-10-27,0.22
1589,2016-10-28,0.05
1590,2016-10-29,0.1
1591,2016-10-30,0.16
1592,2016-10-31,0.07
1593,2016-11-01,0.1
1594,2016-11-02,0.0
1595,2016-11-03,0.0
1596,2016-11-04,0.0
1597,2016-11-05,0.03
1598,2016-11-06,0.01
1599,2016-11-07,0.0
1600,2016-11-08,0.21
1601,2016-11-09,0.11
1602,2016-11-10,0.0
1603,2016-11-11,0.0
1604,2016-11-12,0.0
1605,2016-11-13,0.0
1606,2016-11-14,0.0
1607,2016-11-15,0.0
1608,2016-11-16,0.24
1609,2016-11-17,0.01
1610,2016-11-18,0.0
1611,2016-11-19,0.11
1612,2016-11-20,0.39
1613,2016-11-21,0.11
1614,2016-11-22,2.05
1615,2016-11-23,0.25
1616,2016-11-24,0.3
1617,2016-11-25,0.08
1618,2016-11-26,0.06
1619,2016-11-27,0.17
1620,2016-11-28,0.0
1621,2016-11-29,0.09
1622,2016-11-30,0.05
1623,2016-12-01,0.37
1624,2016-12-02,0.35
1625,2016-12-03,0.77
1626,2016-12-04,0.04
1627,2016-12-05,0.22
1628,2016-12-06,0.0
1629,2016-12-07,0.12
1630,2016-12-08,0.07
1631,2016-12-09,0.31
1632,2016-12-10,0.02
1633,2016-12-11,0.0
1634,2016-12-12,0.0
1635,2016-12-13,0.04
1636,2016-12-14,0.92
1637,2016-12-15,0.14
1638,2016-12-16,0.03
1639,2016-12-17,0.07
1640,2016-12-18,0.16
1641,2016-12-19,0.03
1642,2016-12-20,0.0
1643,2016-12-21,0.11
1644,2016-12-22,0.86
1645,2016-12-23,0.24
1646,2016-12-24,0.2
1647,2016-12-25,0.02
1648,2016-12-26,0.22
1649,2016-12-27,0.05
1650,2016-12-28,0.09
1651,2016-12-29,0.52
1652,2016-12-30,0.29
1653,2016-12-31,0.25
1654,2017-01-01,0.03
1655,2017-01-02,0.01
1656,2017-01-03,0.0
1657,2017-01-04,0.0
1658,2017-01-05,0.06
1659,2017-01-06,0.1
1660,2017-01-07,0.0
1661,2017-01-08,0.0
1662,2017-01-09,0.0
1663,2017-01-10,0.0
1664,2017-01-11,0.0
1665,2017-01-12,0.0
1666,2017-01-13,0.0
1667,2017-01-14,0.01
1668,2017-01-15,0.0
1669,2017-01-16,0.0
1670,2017-01-17,0.0
1671,2017-01-18,0.0
1672,2017-01-19,0.02
1673,2017-01-20,0.0
1674,2017-01-21,0.03
1675,2017-01-22,0.09
1676,2017-01-23,0.01
1677,2017-01-24,0.13
1678,2017-01-25,0.79
1679,2017-01-26,0.0
1680,2017-01-27,0.03
1681,2017-01-28,0.0
1682,2017-01-29,0.26
1683,2017-01-30,0.0
1684,2017-01-31,0.0
1685,2017-02-01,0.0
1686,2017-02-02,0.0
1687,2017-02-03,0.0
1688,2017-02-04,0.0
1689,2017-02-05,0.0
1690,2017-02-06,0.18
1691,2017-02-07,1.32
1692,2017-02-08,0.0
1693,2017-02-09,0.0
1694,2017-02-10,0.0
1695,2017-02-11,1.73
1696,2017-02-12,2.98
1697,2017-02-13,0.01
1698,2017-02-14,0.0
1699,2017-02-15,0.01
1700,2017-02-16,0.73
1701,2017-02-17,0.13
1702,2017-02-18,0.0
1703,2017-02-19,0.09
1704,2017-02-20,0.0
1705,2017-02-21,0.0
1706,2017-02-22,0.06
1707,2017-02-23,0.0
1708,2017-02-24,0.0
1709,2017-02-25,0.0
1710,2017-02-26,0.0
1711,2017-02-27,0.0
1712,2017-02-28,0.04
1713,2017-03-01,2.12
1714,2017-03-02,1.88
1715,2017-03-03,0.27
1716,2017-03-04,0.0
1717,2017-03-05,0.41
1718,2017-03-06,0.03
1719,2017-03-07,0.0
1720,2017-03-08,0.0
1721,2017-03-09,0.65
1722,2017-03-10,0.03
1723,2017-03-11,0.01
1724,2017-03-12,0.0
1725,2017-03-13,0.0
1726,2017-03-14,0.0
1727,2017-03-15,0.06
1728,2017-03-16,0.0
1729,2017-03-17,0.12
1730,2017-03-18,0.0
1731,2017-03-19,0.0
1732,2017-03-20,0.02
1733,2017-03-21,0.09
1734,2017-03-22,0.0
1735,2017-03-23,0.0
1736,2017-03-24,0.12
1737,2017-03-25,0.93
1738,2017-03-26,0.0
1739,2017-03-27,0.01
1740,2017-03-28,0.0
1741,2017-03-29,0.01
1742,2017-03-30,0.04
1743,2017-03-31,0.01
1744,2017-04-01,0.21
1745,2017-04-02,0.0
1746,2017-04-03,0.26
1747,2017-04-04,0.09
1748,2017-04-05,0.1
1749,2017-04-06,0.06
1750,2017-04-07,0.0
1751,2017-04-08,0.0
1752,2017-04-09,0.0
1753,2017-04-10,0.01
1754,2017-04-11,0.03
1755,2017-04-12,0.11
1756,2017-04-13,0.59
1757,2017-04-14,2.3
1758,2017-04-15,0.38
1759,2017-04-16,0.47
1760,2017-04-17,1.04
1761,2017-04-18,2.03
1762,2017-04-19,0.02
1763,2017-04-20,0.05
1764,2017-04-21,1.74
1765,2017-04-22,1.58
1766,2017-04-23,0.06
1767,2017-04-24,0.01
1768,2017-04-25,0.0
1769,2017-04-26,0.02
1770,2017-04-27,0.19
1771,2017-04-28,0.76
1772,2017-04-29,0.37
1773,2017-04-30,1.04
1774,2017-05-01,0.13
1775,2017-05-02,0.01
1776,2017-05-03,0.01
1777,2017-05-04,0.0
1778,2017-05-05,0.0
1779,2017-05-06,0.0
1780,2017-05-07,0.02
1781,2017-05-08,0.73
1782,2017-05-09,1.58
1783,2017-05-10,0.2
1784,2017-05-11,0.12
1785,2017-05-12,0.02
1786,2017-05-13,0.12
1787,2017-05-14,0.17
1788,2017-05-15,0.09
1789,2017-05-16,0.03
1790,2017-05-17,0.07
1791,2017-05-18,0.13
1792,2017-05-19,0.01
1793,2017-05-20,0.02
1794,2017-05-21,0.01
1795,2017-05-22,0.06
1796,2017-05-23,0.06
1797,2017-05-24,0.3
1798,2017-05-25,0.2
1799,2017-05-26,0.0
1800,2017-05-27,0.0
1801,2017-05-28,0.08
1802,2017-05-29,0.4
1803,2017-05-30,1.12
1804,2017-05-31,0.25
1805,2017-06-01,0.0
1806,2017-06-02,0.09
1807,2017-06-03,0.08
1808,2017-06-04,0.13
1809,2017-06-05,0.05
1810,2017-06-06,0.0
1811,2017-06-07,0.0
1812,2017-06-08,0.0
1813,2017-06-09,0.02
1814,2017-06-10,0.62
1815,2017-06-11,0.74
1816,2017-06-12,0.24
1817,2017-06-13,0.24
1818,2017-06-14,0.22
1819,2017-06-15,0.55
1820,2017-06-16,0.06
1821,2017-06-17,0.07
1822,2017-06-18,0.24
1823,2017-06-19,0.08
1824,2017-06-20,0.0
1825,2017-06-21,0.19
1826,2017-06-22,0.06
1827,2017-06-23,0.12
1828,2017-06-24,0.36
1829,2017-06-25,0.02
1830,2017-06-26,0.06
1831,2017-06-27,0.01
1832,2017-06-28,0.0
1833,2017-06-29,0.0
1834,2017-06-30,0.01
1835,2017-07-01,0.08
1836,2017-07-02,0.15
1837,2017-07-03,0.15
1838,2017-07-04,0.08
1839,2017-07-05,0.0
1840,2017-07-06,0.0
1841,2017-07-07,0.18
1842,2017-07-08,0.0
1843,2017-07-09,0.11
1844,2017-07-10,0.02
1845,2017-07-11,0.02
1846,2017-07-12,0.28
1847,2017-07-13,0.32
1848,2017-07-14,0.2
1849,2017-07-15,0.05
1850,2017-07-16,0.1
1851,2017-07-17,0.21
1852,2017-07-18,0.05
1853,2017-07-19,0.05
1854,2017-07-20,0.06
1855,2017-07-21,0.03
1856,2017-07-22,0.2
1857,2017-07-23,0.2
1858,2017-07-24,0.61
1859,2017-07-25,0.11
1860,2017-07-26,0.12
1861,2017-07-27,0.01
1862,2017-07-28,0.09
1863,2017-07-29,0.23
1864,2017-07-30,0.0
1865,2017-07-31,0.0
1866,2017-08-04,0.0
1867,2017-08-05,0.06
1868,2017-08-06,0.0
1869,2017-08-13,0.0
1870,2017-08-14,0.0
1871,2017-08-15,0.32
1872,2017-08-16,0.12
1873,2017-08-17,0.01
1874,2017-08-18,0.06
1875,2016-08-24,1.45
1876,2016-08-25,0.11
1877,2016-08-27,
1878,2016-08-28,2.07
1879,2016-08-29,0.9
1880,2016-08-30,0.05
1881,2016-08-31,2.46
1882,2016-09-01,0.01
1883,2016-09-02,0.03
1884,2016-09-03,1.0
1885,2016-09-04,0.44
1886,2016-09-05,0.18
1887,2016-09-06,1.0
1888,2016-09-07,1.35
1889,2016-09-08,0.15
1890,2016-09-09,0.35
1891,2016-09-10,1.16
1892,2016-09-11,0.6
1893,2016-09-12,1.04
1894,2016-09-13,1.2
1895,2016-09-14,6.7
1896,2016-09-15,3.35
1897,2016-09-16,0.61
1898,2016-09-17,0.23
1899,2016-09-18,0.42
1900,2016-09-19,0.25
1901,2016-09-20,0.43
1902,2016-09-21,1.02
1903,2016-09-22,0.75
1904,2016-09-23,0.33
1905,2016-09-24,0.27
1906,2016-09-25,0.04
1907,2016-09-26,1.02
1908,2016-09-27,1.0
1909,2016-09-28,0.05
1910,2016-09-29,1.49
1911,2016-09-30,0.38
1912,2016-10-01,1.02
1913,2016-10-02,0.61
1914,2016-10-03,0.46
1915,2016-10-04,3.46
1916,2016-10-05,0.81
1917,2016-10-06,0.04
1918,2016-10-07,0.01
1919,2016-10-08,0.04
1920,2016-10-09,0.0
1921,2016-10-10,0.0
1922,2016-10-11,0.35
1923,2016-10-12,0.02
1924,2016-10-13,0.06
1925,2016-10-14,0.0
1926,2016-10-15,0.33
1927,2016-10-16,0.0
1928,2016-10-17,0.38
1929,2016-10-18,0.48
1930,2016-10-19,0.0
1931,2016-10-20,1.0
1932,2016-10-21,0.09
1933,2016-10-22,1.37
1934,2016-10-23,0.24
1935,2016-10-24,0.7
1936,2016-10-25,0.4
1937,2016-10-26,0.0
1938,2016-10-27,1.25
1939,2016-10-28,0.37
1940,2016-10-29,0.25
1941,2016-10-30,0.95
1942,2016-10-31,1.35
1943,2016-11-01,0.09
1944,2016-11-02,0.04
1945,2016-11-03,0.02
1946,2016-11-04,0.06
1947,2016-11-05,0.38
1948,2016-11-06,0.05
1949,2016-11-07,0.05
1950,2016-11-08,0.53
1951,2016-11-09,0.04
1952,2016-11-10,0.01
1953,2016-11-11,0.0
1954,2016-11-12,0.0
1955,2016-11-13,0.0
1956,2016-11-14,0.02
1957,2016-11-15,0.05
1958,2016-11-16,0.91
1959,2016-11-17,0.02
1960,2016-11-20,
1961,2016-11-21,2.87
1962,2016-11-22,2.11
1963,2016-11-23,0.22
1964,2016-11-24,0.72
1965,2016-11-25,1.03
1966,2016-11-26,0.3
1967,2016-11-27,0.29
1968,2016-11-28,0.69
1969,2016-11-29,0.2
1970,2016-11-30,0.79
1971,2016-12-01,0.72
1972,2016-12-02,1.27
1973,2016-12-03,1.62
1974,2016-12-04,0.31
1975,2016-12-05,1.6
1976,2016-12-06,0.0
1977,2016-12-07,0.02
1978,2016-12-08,0.03
1979,2016-12-09,0.42
1980,2016-12-10,0.04
1981,2016-12-11,0.13
1982,2016-12-12,0.01
1983,2016-12-13,0.09
1984,2016-12-14,0.33
1985,2016-12-15,0.03
1986,2016-12-16,0.0
1987,2016-12-18,
1988,2016-12-19,0.15
1989,2016-12-20,0.0
1990,2016-12-21,0.55
1991,2016-12-22,1.24
1992,2016-12-23,0.83
1993,2016-12-24,1.08
1994,2016-12-25,0.38
1995,2016-12-26,1.48
1996,2016-12-27,0.14
1997,2016-12-28,0.14
1998,2016-12-29,1.03
1999,2016-12-30,2.37
2000,2016-12-31,0.9
2001,2017-01-01,0.03
2002,2017-01-02,0.0
2003,2017-01-03,0.0
2004,2017-01-04,0.0
2005,2017-01-05,0.47
2006,2017-01-06,0.1
2007,2017-01-07,0.0
2008,2017-01-08,0.03
2009,2017-01-09,0.0
2010,2017-01-10,0.0
2011,2017-01-11,0.0
2012,2017-01-12,0.0
2013,2017-01-13,0.0
2014,2017-01-14,0.0
2015,2017-01-15,0.01
2016,2017-01-16,0.0
2017,2017-01-17,0.0
2018,2017-01-18,0.07
2019,2017-01-19,0.0
2020,2017-01-20,0.0
2021,2017-01-21,0.08
2022,2017-01-22,0.72
2023,2017-01-23,0.85
2024,2017-01-24,1.85
2025,2017-01-25,2.64
2026,2017-01-26,0.1
2027,2017-01-27,0.03
2028,2017-01-28,0.0
2029,2017-01-29,0.55
2030,2017-01-30,0.0
2031,2017-01-31,0.0
2032,2017-02-01,0.0
2033,2017-02-02,0.0
2034,2017-02-04,
2035,2017-02-05,0.0
2036,2017-02-06,0.0
2037,2017-02-07,1.79
2038,2017-02-08,0.0
2039,2017-02-09,0.0
2040,2017-02-10,0.0
2041,2017-02-11,0.73
2042,2017-02-12,1.83
2043,2017-02-13,0.0
2044,2017-02-14,0.01
2045,2017-02-15,0.07
2046,2017-02-16,0.13
2047,2017-02-18,
2048,2017-02-19,0.1
2049,2017-02-20,0.0
2050,2017-02-21,0.07
2051,2017-02-22,0.32
2052,2017-02-23,0.0
2053,2017-02-24,0.0
2054,2017-02-25,0.12
2055,2017-02-26,0.0
2056,2017-02-27,0.0
2057,2017-02-28,0.58
2058,2017-03-01,2.0
2059,2017-03-02,0.58
2060,2017-03-03,0.56
2061,2017-03-04,0.0
2062,2017-03-05,0.35
2063,2017-03-06,0.0
2064,2017-03-07,0.0
2065,2017-03-08,0.0
2066,2017-03-09,0.01
2067,2017-03-10,0.0
2068,2017-03-11,0.0
2069,2017-03-13,
2070,2017-03-14,0.0
2071,2017-03-15,0.0
2072,2017-03-16,0.0
2073,2017-03-18,
2074,2017-03-19,0.0
2075,2017-03-20,0.0
2076,2017-03-21,0.0
2077,2017-03-22,0.0
2078,2017-03-23,0.03
2079,2017-03-24,0.17
2080,2017-03-25,0.48
2081,2017-03-26,0.0
2082,2017-03-27,0.0
2083,2017-03-28,0.68
2084,2017-03-29,0.07
2085,2017-03-31,
2086,2017-04-01,0.2
2087,2017-04-02,0.0
2088,2017-04-03,0.23
2089,2017-04-04,0.02
2090,2017-04-05,0.45
2091,2017-04-06,0.0
2092,2017-04-08,
2093,2017-04-09,0.0
2094,2017-04-10,0.0
2095,2017-04-11,0.25
2096,2017-04-12,0.65
2097,2017-04-13,0.23
2098,2017-04-14,2.82
2099,2017-04-15,0.9
2100,2017-04-16,0.11
2101,2017-04-17,1.3
2102,2017-04-18,0.98
2103,2017-04-19,0.14
2104,2017-04-20,0.0
2105,2017-04-21,1.84
2106,2017-04-22,1.35
2107,2017-04-23,0.35
2108,2017-04-24,0.05
2109,2017-04-25,0.0
2110,2017-04-26,0.22
2111,2017-04-27,0.11
2112,2017-04-28,0.79
2113,2017-04-29,0.0
2114,2017-04-30,0.8
2115,2017-05-01,0.25
2116,2017-05-02,0.0
2117,2017-05-04,
2118,2017-05-05,0.1
2119,2017-05-06,0.0
2120,2017-05-07,0.03
2121,2017-05-08,1.11
2122,2017-05-09,0.23
2123,2017-05-10,0.55
2124,2017-05-11,0.44
2125,2017-05-12,0.1
2126,2017-05-13,0.1
2127,2017-05-14,1.0
2128,2017-05-15,0.6
2129,2017-05-16,0.3
2130,2017-05-17,0.06
2131,2017-05-18,0.0
2132,2017-05-20,
2133,2017-05-21,0.0
2134,2017-05-22,0.3
2135,2017-05-23,0.44
2136,2017-05-24,2.17
2137,2017-05-25,0.88
2138,2017-05-26,0.0
2139,2017-05-27,0.5
2140,2017-05-28,0.0
2141,2017-05-30,
2142,2017-06-01,0.01
2143,2017-06-03,
2144,2017-06-04,0.82
2145,2017-06-05,0.01
2146,2017-06-06,0.0
2147,2017-06-07,0.01
2148,2017-06-08,0.0
2149,2017-06-10,
2150,2017-06-11,0.7
2151,2017-06-12,0.81
2152,2017-06-13,0.65
2153,2017-06-14,0.81
2154,2017-06-15,1.69
2155,2017-06-16,0.1
2156,2017-06-17,0.1
2157,2017-06-18,0.7
2158,2017-06-19,0.4
2159,2017-06-20,0.31
2160,2017-06-21,0.3
2161,2017-06-22,0.28
2162,2017-06-23,0.5
2163,2017-06-24,0.22
2164,2017-06-25,0.5
2165,2017-06-26,0.02
2166,2017-06-27,0.1
2167,2017-06-28,0.02
2168,2017-06-29,0.04
2169,2017-06-30,0.2
2170,2017-07-01,0.1
2171,2017-07-02,0.5
2172,2017-07-03,0.4
2173,2017-07-04,0.0
2174,2017-07-05,0.0
2175,2017-07-06,0.02
2176,2017-07-07,0.3
2177,2017-07-08,0.02
2178,2017-07-09,0.0
2179,2017-07-10,0.02
2180,2017-07-11,0.0
2181,2017-07-12,0.05
2182,2017-07-13,0.68
2183,2017-07-14,0.68
2184,2017-07-15,0.1
2185,2017-07-16,0.5
2186,2017-07-17,0.39
2187,2017-07-18,2.4
2188,2017-07-19,0.27
2189,2017-07-20,0.7
2190,2017-07-21,0.1
2191,2017-07-22,4.0
2192,2017-07-23,0.8
2193,2017-07-24,0.84
2194,2017-07-25,0.3
2195,2017-07-26,0.3
2196,2017-07-27,0.0
2197,2017-07-28,0.4
2198,2017-07-29,0.3
2199,2017-07-30,0.3
2200,2017-07-31,0.0
2201,2017-08-01,
2202,2017-08-02,0.25
2203,2017-08-03,0.06
2204,2017-08-05,
2205,2017-08-06,
2206,2017-08-07,0.05
2207,2017-08-08,0.34
2208,2017-08-09,0.15
2209,2017-08-10,0.07
2210,2017-08-11,
2211,2017-08-12,0.14
2212,2017-08-13,
2213,2017-08-14,0.22
2214,2017-08-15,0.42
2215,2017-08-16,0.42
2216,2017-08-17,0.13
2217,2017-08-18,
2218,2017-08-19,0.09
2219,2017-08-20,
2220,2017-08-21,0.56
2221,2017-08-22,0.5
2222,2017-08-23,0.45
